{"auc": 0.6212655389160224, "accuracy": 0.8349056603773585}